{
  "d_model": 64,
  "n_heads": 2,
  "n_layers": 3,
  "dropout": 0.1,
  "patch_len": 4,
  "stride": 2,
  "d_ff": 128,
  "learning_rate": 0.001,
  "best_val_acc": 28.043478260869566,
  "best_val_loss": 0.06834100559353828
}