{
  "timestamp": "20260414_015814",
  "best_params": {
    "d_model": 64,
    "n_heads": 8,
    "n_layers": 3,
    "dropout": 0.2,
    "lr": 0.0002051338263087451
  },
  "best_cv_score": 0.6688194870433362,
  "final_test_accuracy": 0.5161290322580645,
  "n_trials": 20,
  "study_name": "walk_forward_cv",
  "search_space": "basic"
}