{
  "timestamp": "20260414_134216",
  "best_params": {
    "d_model": 32,
    "n_heads": 4,
    "n_layers": 1,
    "dropout": 0.05,
    "lr": 0.004160617933756003
  },
  "best_cv_score": 0.6096324461343473,
  "final_test_accuracy": 0.4247104247104247,
  "n_trials": 20,
  "study_name": "walk_forward_cv",
  "search_space": "basic"
}