{
  "train_loss": [
    0.733623940770219,
    0.7047945406378769,
    0.6924755893102507,
    0.6914066148967277,
    0.6913936210841667,
    0.6897875986448149,
    0.6925477530898118,
    0.6916568846237369,
    0.6887226976999422,
    0.6925014664487141,
    0.6904970814542073,
    0.6905646498610334,
    0.690023999388625,
    0.689424463888494,
    0.6883887328752657,
    0.6912197179910613,
    0.6907898899985523,
    0.690996148237368,
    0.6888793125385191,
    0.6894645661842532,
    0.6880645432123323,
    0.6891843284048685,
    0.6880725520413097,
    0.6899094581604004,
    0.6884494205800499,
    0.6870468898517329,
    0.6898577722107492,
    0.6903878086950721,
    0.6853770715434376,
    0.6844865345373387,
    0.6868694366478338,
    0.6910968190286217,
    0.6862149936396901,
    0.6853336706394102,
    0.6850282302716884,
    0.6868863803584401,
    0.6858706416153326,
    0.6844405212053438,
    0.6828610591772126,
    0.6837258818672924,
    0.6845904428784441
  ],
  "val_loss": [
    0.8379870719379849,
    0.7313383221626282,
    0.7379686501291063,
    0.7198343012068007,
    0.7164740032619901,
    0.7311373154322306,
    0.7144237160682678,
    0.7188723484675089,
    0.7263251940409342,
    0.7294247216648526,
    0.7231082253985934,
    0.7193775309456719,
    0.7239324251810709,
    0.7192823025915358,
    0.699591788980696,
    0.7181718746821085,
    0.715345541636149,
    0.7044878072208829,
    0.7301009562280443,
    0.7210902240541246,
    0.7070466346210904,
    0.6980263458357917,
    0.721905873881446,
    0.736546966764662,
    0.703967445426517,
    0.6918950809372796,
    0.7099031474855211,
    0.7301608522733053,
    0.6935306919945611,
    0.7222062216864692,
    0.7018548515107896,
    0.7075118091371324,
    0.714383410082923,
    0.6969444155693054,
    0.6946012708875868,
    0.7229106227556864,
    0.7122959891955057,
    0.7130544583002726,
    0.7013582785924276,
    0.7091575000021193,
    0.7137411700354682
  ],
  "train_direction_acc": [
    16.075442648190915,
    15.920708237105465,
    15.933795227097768,
    16.588144726712855,
    16.58506543494996,
    16.729792147806005,
    16.79060816012317,
    16.55735180908391,
    16.58429561200924,
    16.207852193995382,
    16.74980754426482,
    16.572748267898383,
    16.735950731331794,
    16.613548883756735,
    16.87759815242494,
    16.147036181678214,
    16.37259430331024,
    16.42186297151655,
    16.678983833718245,
    16.408006158583525,
    16.54657428791378,
    16.144726712856045,
    16.077752117013087,
    16.03541185527329,
    16.150115473441108,
    16.530408006158584,
    16.284834488067744,
    15.913779830638953,
    16.26250962278676,
    15.899923017705927,
    15.984603541185527,
    15.5211701308699,
    15.799076212471132,
    15.714395688991532,
    16.337952270977674,
    15.949961508852963,
    16.120092378752886,
    16.15935334872979,
    16.051578137028482,
    15.977675134719014,
    15.956889915319476
  ],
  "val_direction_acc": [
    11.801526717557252,
    11.725190839694656,
    11.725190839694656,
    11.725190839694656,
    11.725190839694656,
    11.725190839694656,
    11.725190839694656,
    11.725190839694656,
    11.725190839694656,
    11.725190839694656,
    11.725190839694656,
    11.725190839694656,
    11.725190839694656,
    12.50381679389313,
    16.00763358778626,
    15.335877862595419,
    11.969465648854962,
    12.541984732824428,
    11.893129770992367,
    11.725190839694656,
    17.198473282442748,
    18.236641221374047,
    16.755725190839694,
    16.099236641221374,
    17.137404580152673,
    19.068702290076335,
    11.778625954198473,
    17.076335877862597,
    19.587786259541986,
    17.66412213740458,
    18.66412213740458,
    18.366412213740457,
    17.709923664122137,
    18.709923664122137,
    18.396946564885496,
    15.534351145038167,
    17.129770992366414,
    16.870229007633586,
    16.603053435114504,
    17.412213740458014,
    17.748091603053435
  ],
  "learning_rate": [
    0.0002051338263087451,
    0.0002051338263087451,
    0.0002051338263087451,
    0.0002051338263087451,
    0.0002051338263087451,
    0.0002051338263087451,
    0.0002051338263087451,
    0.0002051338263087451,
    0.0002051338263087451,
    0.0002051338263087451,
    0.0002051338263087451,
    0.0002051338263087451,
    0.0002051338263087451,
    0.0002051338263087451,
    0.0002051338263087451,
    0.0002051338263087451,
    0.0002051338263087451,
    0.0002051338263087451,
    0.0002051338263087451,
    0.0002051338263087451,
    0.0002051338263087451,
    0.0002051338263087451,
    0.0002051338263087451,
    0.0002051338263087451,
    0.0002051338263087451,
    0.0002051338263087451,
    0.0002051338263087451,
    0.0002051338263087451,
    0.0002051338263087451,
    0.0002051338263087451,
    0.0002051338263087451,
    0.0002051338263087451,
    0.0002051338263087451,
    0.0002051338263087451,
    0.0002051338263087451,
    0.0002051338263087451,
    0.0002051338263087451,
    0.0002051338263087451,
    0.0002051338263087451,
    0.0002051338263087451,
    0.0002051338263087451
  ],
  "epoch": [
    1,
    2,
    3,
    4,
    5,
    6,
    7,
    8,
    9,
    10,
    11,
    12,
    13,
    14,
    15,
    16,
    17,
    18,
    19,
    20,
    21,
    22,
    23,
    24,
    25,
    26,
    27,
    28,
    29,
    30,
    31,
    32,
    33,
    34,
    35,
    36,
    37,
    38,
    39,
    40,
    41
  ]
}